iterations,pop,mate,mutate,time,fitness
0,40,20,0.5,0.008788344999999254,3441.795549915566
10,40,20,0.5,0.016591525999999135,3657.6877677650928
20,40,20,0.5,0.023872254999998788,3738.4122127380183
30,40,20,0.5,0.03074306899999879,3650.6245949972977
40,40,20,0.5,0.03745352799999946,3695.6081238334978
50,40,20,0.5,0.044392000999999404,3640.410490431241
60,40,20,0.5,0.05205891899999937,3703.479218410181
70,40,20,0.5,0.05907524799999919,3641.150722608703
80,40,20,0.5,0.06640751499999897,3673.1136871761305
90,40,20,0.5,0.0732856369999988,3661.418961682942
100,40,20,0.5,0.08023048299999846,3733.679229373717
110,40,20,0.5,0.0871626869999984,3726.1270821784433
120,40,20,0.5,0.09379552399999902,3741.6092278724113
130,40,20,0.5,0.10059657499999908,3716.415969478128
140,40,20,0.5,0.10745539799999904,3721.5356109394147
150,40,20,0.5,0.1144524399999991,3701.4559881445452
160,40,20,0.5,0.12138182499999939,3692.159064508472
170,40,20,0.5,0.12813213899999898,3704.2875169933
180,40,20,0.5,0.13498650999999828,3711.735166075629
190,40,20,0.5,0.14256228499999857,3723.141549765918
200,40,20,0.5,0.14956277499999793,3711.800239440657
210,40,20,0.5,0.1567656589999986,3779.942912205672
220,40,20,0.5,0.16363641399999906,3736.2282008741004
230,40,20,0.5,0.17046854299999925,3764.1145523811133
240,40,20,0.5,0.17714028499999923,3737.6103545857027
250,40,20,0.5,0.18407321599999982,3759.791612348137
260,40,20,0.5,0.1906667500000001,3766.2619319166547
270,40,20,0.5,0.19744916799999945,3741.487845036403
280,40,20,0.5,0.20430588499999924,3779.432787280322
290,40,20,0.5,0.2112676699999989,3748.5497516981955
300,40,20,0.5,0.2188476599999989,3730.146534711142
310,40,20,0.5,0.22684293399999955,3740.337238265966
320,40,20,0.5,0.23412303399999956,3732.90731319664
330,40,20,0.5,0.24144619199999973,3764.1145523811133
340,40,20,0.5,0.24856347199999984,3778.648930508259
350,40,20,0.5,0.2553660820000001,3764.1145523811133
360,40,20,0.5,0.26238650700000044,3764.1145523811133
370,40,20,0.5,0.26928909,3767.3863353175598
380,40,20,0.5,0.2763280470000007,3788.839634063083
390,40,20,0.5,0.2831100640000015,3777.781416094924
400,40,20,0.5,0.2900966570000012,3762.8503884226643
410,40,20,0.5,0.2970403380000013,3745.6848011205725
420,40,20,0.5,0.30406133800000124,3816.6725878867405
430,40,20,0.5,0.31077539100000084,3778.7766508411028
440,40,20,0.5,0.31850175000000114,3745.615447478965
450,40,20,0.5,0.3253837880000017,3781.953375538446
460,40,20,0.5,0.3322068470000019,3760.9534562395324
470,40,20,0.5,0.339035819000002,3772.8682631543534
480,40,20,0.5,0.3459955970000017,3754.789706120418
490,40,20,0.5,0.35301851500000136,3812.7986561591465
500,40,20,0.5,0.359823286000001,3772.037800066533
510,40,20,0.5,0.366560766000001,3764.1145523811133
520,40,20,0.5,0.37352395600000143,3774.250850440488
530,40,20,0.5,0.38017673300000077,3784.796406622929
540,40,20,0.5,0.3870638640000008,3742.66125363559
550,40,20,0.5,0.3939107780000004,3763.0426607452378
560,40,20,0.5,0.4008200540000004,3762.575550189568
570,40,20,0.5,0.40832217400000026,3751.958499807372
580,40,20,0.5,0.41534025600000035,3788.4587578434116
590,40,20,0.5,0.42226934299999996,3752.7300799618547
600,40,20,0.5,0.42934923999999963,3752.2344605965295
610,40,20,0.5,0.4361796499999997,3742.66125363559
620,40,20,0.5,0.4430136339999997,3761.891617117691
630,40,20,0.5,0.44985253599999986,3793.880155600484
640,40,20,0.5,0.4569011309999995,3760.7189522383464
650,40,20,0.5,0.4636562959999999,3748.0166964376244
660,40,20,0.5,0.4706507919999998,3742.66125363559
670,40,20,0.5,0.47782372500000037,3762.4474795852666
680,40,20,0.5,0.4854690390000007,3819.403209431279
690,40,20,0.5,0.49277037000000057,3813.400804950293
700,40,20,0.5,0.5000615820000007,3803.288816530032
710,40,20,0.5,0.5070258189999999,3791.947506204771
720,40,20,0.5,0.5142138149999997,3802.138209759594
730,40,20,0.5,0.5211254729999997,3791.947506204771
740,40,20,0.5,0.5280418820000001,3827.067668664105
750,40,20,0.5,0.5353105620000003,3857.5993381359863
760,40,20,0.5,0.5422822700000003,3827.067668664105
770,40,20,0.5,0.5493248340000001,3838.338586893216
780,40,20,0.5,0.5562888699999995,3841.841285209018
790,40,20,0.5,0.5632133489999998,3845.1253672668613
800,40,20,0.5,0.5703449619999992,3857.5993381359863
810,40,20,0.5,0.5769655169999997,3849.750289314627
820,40,20,0.5,0.5845277579999992,3835.876582843304
830,40,20,0.5,0.5915083379999988,3872.3557283567347
840,40,20,0.5,0.5985474059999989,3865.714073290085
850,40,20,0.5,0.6056932999999987,3855.906124912225
860,40,20,0.5,0.6126323339999988,3862.7333756594635
870,40,20,0.5,0.6211105899999989,3850.4482385541446
880,40,20,0.5,0.6286316229999986,3819.9165690822633
890,40,20,0.5,0.6356380849999983,3837.8999512765854
900,40,20,0.5,0.642426249999998,3835.9858364227834
910,40,20,0.5,0.6495188649999974,3842.5991897327854
920,40,20,0.5,0.6566720409999975,3835.1824038182044
930,40,20,0.5,0.6637077179999968,3894.8232707369675
940,40,20,0.5,0.6705697299999969,3871.297801023717
950,40,20,0.5,0.6784777029999969,3844.4793274542776
960,40,20,0.5,0.6855852649999967,3857.8650244687265
970,40,20,0.5,0.6925394749999967,3844.4793274542776
980,40,20,0.5,0.699289421999997,3835.1824038182044
990,40,20,0.5,0.7060407319999973,3859.7451621902187
1000,40,20,0.5,0.7129600969999972,3856.416827118304
1010,40,20,0.5,0.719896077999997,3835.1824038182044
1020,40,20,0.5,0.7271887719999963,3842.646223692765
1030,40,20,0.5,0.7354658639999965,3864.558950249147
1040,40,20,0.5,0.7428696029999964,3835.1824038182044
1050,40,20,0.5,0.7500274129999962,3830.8387292458815
1060,40,20,0.5,0.7569702229999962,3884.6325671821437
1070,40,20,0.5,0.7643796379999968,3837.9130253627427
1080,40,20,0.5,0.7713459049999969,3884.6325671821437
1090,40,20,0.5,0.7784347899999968,3839.8338685671774
1100,40,20,0.5,0.7853141809999968,3835.1824038182044
1110,40,20,0.5,0.7920930729999967,3868.9475822845593
1120,40,20,0.5,0.7990617709999963,3873.317604633713
1130,40,20,0.5,0.8060522549999964,3808.3114980820014
1140,40,20,0.5,0.8132075869999964,3791.7099271227985
1150,40,20,0.5,0.8201674589999959,3813.2888509849886
1160,40,20,0.5,0.8273383499999962,3875.3356435460696
1170,40,20,0.5,0.8343980829999964,3849.049975589926
1180,40,20,0.5,0.8413376419999965,3841.900717753439
1190,40,20,0.5,0.8482649949999965,3833.5202962665994
1200,40,20,0.5,0.8560040379999965,3801.1603985001607
1210,40,20,0.5,0.862884721999996,3815.533076170815
1220,40,20,0.5,0.8696983899999964,3819.754245772308
1230,40,20,0.5,0.8768120969999966,3821.8701004383415
1240,40,20,0.5,0.8836126569999969,3880.594724659791
1250,40,20,0.5,0.8906003719999962,3822.7292980468615
1260,40,20,0.5,0.8976579359999963,3820.3340565707845
1270,40,20,0.5,0.9047510289999963,3806.523938244502
1280,40,20,0.5,0.9119866389999958,3797.7702274712624
1290,40,20,0.5,0.9193138489999964,3839.5260783905264
1300,40,20,0.5,0.9263830069999957,3858.18303008037
1310,40,20,0.5,0.9334096959999956,3846.054577595541
1320,40,20,0.5,0.940744899999995,3882.1699748010547
1330,40,20,0.5,0.9476511099999945,3853.5183974701017
1340,40,20,0.5,0.9544713609999942,3859.999963049652
1350,40,20,0.5,0.9614229329999935,3855.351501231615
1360,40,20,0.5,0.9684937849999935,3846.054577595541
1370,40,20,0.5,0.9758488439999935,3873.2865348397513
1380,40,20,0.5,0.982986631999994,3861.320412331482
1390,40,20,0.5,0.9901232159999935,3871.172920899486
1400,40,20,0.5,0.9969300329999928,3875.4311240264838
1410,40,20,0.5,1.0042559299999931,3849.215673737122
1420,40,20,0.5,1.0113464309999927,3874.0753463390433
1430,40,20,0.5,1.0183457179999928,3888.4389421719297
1440,40,20,0.5,1.0253752279999926,3859.72684142786
1450,40,20,0.5,1.0332085619999924,3855.452465837322
1460,40,20,0.5,1.040276403999992,3876.6266882600125
1470,40,20,0.5,1.0474729929999924,3858.244446086109
1480,40,20,0.5,1.0545597199999923,3876.838293358256
1490,40,20,0.5,1.0615233869999923,3892.11428300424
1500,40,20,0.5,1.068652953999992,3874.60536448453
1510,40,20,0.5,1.0753584069999924,3859.3105859827047
1520,40,20,0.5,1.0822132359999923,3867.452709113548
1530,40,20,0.5,1.0891374959999922,3868.6482733470766
1540,40,20,0.5,1.0962442889999924,3878.8389769018995
1550,40,20,0.5,1.1030559779999924,3883.8736668904266
1560,40,20,0.5,1.1102255579999927,3867.452709113548
1570,40,20,0.5,1.1177147449999927,3866.0969314261074
1580,40,20,0.5,1.1255036799999933,3838.076162682605
1590,40,20,0.5,1.1330789269999935,3852.021548136716
1600,40,20,0.5,1.1455288629999938,3860.758783333127
1610,40,20,0.5,1.156142205999993,3867.452709113548
1620,40,20,0.5,1.1632531459999926,3858.457569792253
1630,40,20,0.5,1.1701336589999922,3838.076162682605
1640,40,20,0.5,1.1776022629999918,3880.7767258319045
1650,40,20,0.5,1.184850707999992,3840.202597377596
1660,40,20,0.5,1.1928705219999918,3883.8736668904266
1670,40,20,0.5,1.1997885229999916,3872.1011709315853
1680,40,20,0.5,1.2065152169999918,3897.984378585429
1690,40,20,0.5,1.215160523999991,3897.984378585429
1700,40,20,0.5,1.2243313219999905,3867.452709113548
1710,40,20,0.5,1.2314281409999905,3886.046556385696
1720,40,20,0.5,1.2384122069999908,3903.5681063190614
1730,40,20,0.5,1.2454553249999902,3890.13532976407
1740,40,20,0.5,1.2532650929999898,3873.7749013967095
1750,40,20,0.5,1.2622361349999904,3877.6434126683716
1760,40,20,0.5,1.272939028999991,3887.093884045734
1770,40,20,0.5,1.2830832269999908,3885.510407716305
1780,40,20,0.5,1.2908713369999907,3888.6871324136473
1790,40,20,0.5,1.2987098659999905,3867.452709113548
1800,40,20,0.5,1.3060783189999903,3898.0248197780193
1810,40,20,0.5,1.3130960069999897,3890.13532976407
1820,40,20,0.5,1.3201167159999887,3887.2046756909667
1830,40,20,0.5,1.32871995699999,3840.1081489926205
1840,40,20,0.5,1.336374458999991,3908.215523332842
1850,40,20,0.5,1.3444126489999917,3881.3980945676585
1860,40,20,0.5,1.352004988999992,3911.147222210202
1870,40,20,0.5,1.3602727899999927,3858.172365196642
1880,40,20,0.5,1.3682675479999915,3845.680448100944
1890,40,20,0.5,1.3767956559999917,3844.7866681821943
1900,40,20,0.5,1.3846059239999917,3881.2872487539416
1910,40,20,0.5,1.3914359299999912,3882.2511873560725
1920,40,20,0.5,1.3985867889999923,3867.952482595515
1930,40,20,0.5,1.4058721309999918,3881.2872487539416
1940,40,20,0.5,1.4129899039999927,3853.071508690102
1950,40,20,0.5,1.420025088999994,3850.4309326621496
1960,40,20,0.5,1.4274408179999956,3834.998181531583
1970,40,20,0.5,1.434153441999996,3853.8315455274337
1980,40,20,0.5,1.441100096999996,3831.8370853900024
1990,40,20,0.5,1.4484861099999957,3831.8370853900024
2000,40,20,0.5,1.4559147939999946,3831.8370853900024
2010,40,20,0.5,1.462766898999993,3844.433714587144
2020,40,20,0.5,1.4702192409999935,3831.8370853900024
2030,40,20,0.5,1.4772000829999925,3831.8370853900024
2040,40,20,0.5,1.4841849809999914,3856.6967579919237
2050,40,20,0.5,1.4910165729999907,3842.027788944826
2060,40,20,0.5,1.4984678019999915,3856.562167071972
2070,40,20,0.5,1.505359917999991,3852.218492499649
2080,40,20,0.5,1.5128958359999913,3841.5113229194167
2090,40,20,0.5,1.5198411629999917,3883.0559873548964
2100,40,20,0.5,1.5265570969999924,3881.2872487539416
2110,40,20,0.5,1.5336939199999922,3867.952482595515
2120,40,20,0.5,1.5406922519999924,3872.5998996092967
2130,40,20,0.5,1.5477393419999927,3881.2872487539416
2140,40,20,0.5,1.5547930799999925,3872.5998996092967
2150,40,20,0.5,1.561709360999993,3872.5998996092967
2160,40,20,0.5,1.568639782999993,3832.390590426222
2170,40,20,0.5,1.5757549929999932,3832.390590426222
2180,40,20,0.5,1.582668378999994,3872.5998996092967
2190,40,20,0.5,1.5897033529999938,3832.390590426222
2200,40,20,0.5,1.5974254509999941,3832.390590426222
2210,40,20,0.5,1.605816120999993,3881.840753790161
2220,40,20,0.5,1.6127155359999925,3857.1156721081916
2230,40,20,0.5,1.6195094839999928,3832.390590426222
2240,40,20,0.5,1.6265743579999938,3835.551686567803
2250,40,20,0.5,1.6334093119999924,3832.390590426222
2260,40,20,0.5,1.6405758199999916,3850.4482890289783
2270,40,20,0.5,1.6477761719999915,3872.5998996092967
2280,40,20,0.5,1.6549023789999922,3832.390590426222
2290,40,20,0.5,1.661792148999993,3836.6501991216815
2300,40,20,0.5,1.6685256419999934,3835.551686567803
2310,40,20,0.5,1.6755330519999934,3853.6250137263214
2320,40,20,0.5,1.682764498999994,3812.194573267857
2330,40,20,0.5,1.689908819999994,3833.8387877766445
2340,40,20,0.5,1.6973715059999943,3835.4226981810307
2350,40,20,0.5,1.7043951179999937,3850.4482890289783
2360,40,20,0.5,1.7113576799999937,3847.3182301753423
2370,40,20,0.5,1.7181822399999938,3857.1156721081916
2380,40,20,0.5,1.7253390209999946,3860.411359169724
2390,40,20,0.5,1.732374785999994,3872.5998996092967
2400,40,20,0.5,1.7393828479999929,3853.6250137263214
2410,40,20,0.5,1.7460796149999922,3832.390590426222
2420,40,20,0.5,1.752796814999991,3852.031765358407
2430,40,20,0.5,1.7599347529999925,3839.8544103007825
2440,40,20,0.5,1.7670134829999924,3841.687514062296
2450,40,20,0.5,1.7745007269999924,3832.390590426222
2460,40,20,0.5,1.782521376999993,3832.390590426222
2470,40,20,0.5,1.789156376999994,3841.8738788509645
2480,40,20,0.5,1.796117928999994,3832.390590426222
2490,40,20,0.5,1.802866378999994,3832.390590426222
2500,40,20,0.5,1.8099123209999934,3832.390590426222
2510,40,20,0.5,1.8169046729999927,3832.390590426222
2520,40,20,0.5,1.8236291539999936,3850.4482890289783
2530,40,20,0.5,1.8301296839999939,3889.0786366756192
2540,40,20,0.5,1.836795877999993,3852.5588738297247
2550,40,20,0.5,1.8436495199999925,3847.4940951856033
2560,40,20,0.5,1.8507865739999918,3835.551686567803
2570,40,20,0.5,1.857696303999992,3832.390590426222
2580,40,20,0.5,1.8647960669999915,3862.597599944985
2590,40,20,0.5,1.8718174329999915,3868.5059876317346
2600,40,20,0.5,1.8789253579999912,3844.51904291105
2610,40,20,0.5,1.8855417959999912,3850.984437698369
2620,40,20,0.5,1.8926110319999907,3832.390590426222
2630,40,20,0.5,1.90009635799999,3847.3182301753423
2640,40,20,0.5,1.9070016459999906,3862.597599944985
2650,40,20,0.5,1.9138950369999908,3872.5998996092967
2660,40,20,0.5,1.9208377559999903,3898.1735804545415
2670,40,20,0.5,1.9282615059999912,3832.390590426222
2680,40,20,0.5,1.9347476819999923,3861.4593466805136
2690,40,20,0.5,1.9423146879999926,3832.390590426222
2700,40,20,0.5,1.9491260619999942,3843.731900751483
2710,40,20,0.5,1.956463868999995,3900.4346010623085
2720,40,20,0.5,1.9633906149999945,3861.354888049893
2730,40,20,0.5,1.969857536999994,3860.411359169724
2740,40,20,0.5,1.9768048229999948,3872.5998996092967
2750,40,20,0.5,1.9834323309999942,3860.411359169724
2760,40,20,0.5,1.9905296799999945,3856.77048131214
2770,40,20,0.5,1.9975538959999941,3853.6250137263214
2780,40,20,0.5,2.0047401899999944,3843.2971894471366
2790,40,20,0.5,2.0116288149999946,3832.390590426222
2800,40,20,0.5,2.0183801139999957,3832.390590426222
2810,40,20,0.5,2.0253532049999965,3881.840753790161
2820,40,20,0.5,2.0325050929999957,3902.408888041051
2830,40,20,0.5,2.0394216239999956,3862.199578857975
2840,40,20,0.5,2.0470438019999957,3890.2203476014774
2850,40,20,0.5,2.0539383279999956,3862.199578857975
2860,40,20,0.5,2.0610101369999967,3877.3030836173566
2870,40,20,0.5,2.067956822999996,3883.4340021580747
2880,40,20,0.5,2.074845672999997,3894.162543425404
2890,40,20,0.5,2.0814789809999965,3862.199578857975
2900,40,20,0.5,2.0882399709999966,3902.6783673791324
2910,40,20,0.5,2.095086869999996,3872.9281201253043
2920,40,20,0.5,2.101977127999996,3884.591038481657
2930,40,20,0.5,2.1090563599999967,3862.726687329293
2940,40,20,0.5,2.1161616429999963,3885.5406149100127
2950,40,20,0.5,2.123315275999998,3894.7753124833357
2960,40,20,0.5,2.130430526999998,3862.199578857975
2970,40,20,0.5,2.138269303999998,3890.2203476014774
2980,40,20,0.5,2.145288096999998,3882.367862261479
2990,40,20,0.5,2.1522348069999975,3862.199578857975
3000,40,20,0.5,2.1589745179999973,3898.314976063488
3010,40,20,0.5,2.1662163969999977,3902.408888041051
3020,40,20,0.5,2.1734437879999984,3892.4065883767385
3030,40,20,0.5,2.180304755,3890.2203476014774
3040,40,20,0.5,2.187271473000001,3862.199578857975
3050,40,20,0.5,2.193837835000002,3873.5408891832362
3060,40,20,0.5,2.2007988560000005,3874.328031342803
3070,40,20,0.5,2.207633553000001,3876.4005794430727
3080,40,20,0.5,2.2145985550000002,3894.162543425404
3090,40,20,0.5,2.2221200690000007,3882.367862261479
3100,40,20,0.5,2.228806252000002,3907.7982644882304
3110,40,20,0.5,2.2359954920000025,3902.408888041051
3120,40,20,0.5,2.242770998000003,3884.8821995084973
3130,40,20,0.5,2.249768329000002,3887.0592514598966
3140,40,20,0.5,2.2566010230000018,3883.4340021580747
3150,40,20,0.5,2.263453763000003,3863.3062140004045
3160,40,20,0.5,2.270542779000003,3880.2572774607315
3170,40,20,0.5,2.277452719000003,3884.591038481657
3180,40,20,0.5,2.284520146000002,3876.7262726666813
3190,40,20,0.5,2.2915880060000013,3874.3344196878415
3200,40,20,0.5,2.298882260000001,3862.199578857975
3210,40,20,0.5,2.3056822130000008,3901.5073293165933
3220,40,20,0.5,2.3132591740000006,3859.0384827163944
3230,40,20,0.5,2.320074380000001,3883.29538768605
3240,40,20,0.5,2.326873788000002,3877.7958692623392
3250,40,20,0.5,2.3340463360000037,3874.1419874757757
3260,40,20,0.5,2.340703655000004,3875.1798823980425
3270,40,20,0.5,2.347629623000003,3859.0384827163944
3280,40,20,0.5,2.3543589310000037,3896.7373562513367
3290,40,20,0.5,2.3613019740000034,3901.5073293165933
3300,40,20,0.5,2.368542232000003,3884.591038481657
3310,40,20,0.5,2.375409861000003,3879.206766119898
3320,40,20,0.5,2.3823714200000037,3866.502302590955
3330,40,20,0.5,2.389118511000003,3887.1383112521935
3340,40,20,0.5,2.3963537760000015,3881.7211033669164
3350,40,20,0.5,2.4036685800000015,3895.690028591299
3360,40,20,0.5,2.4104829180000014,3895.153879921907
3370,40,20,0.5,2.4175137850000024,3889.7561944412364
3380,40,20,0.5,2.4244933500000023,3919.5493993635873
3390,40,20,0.5,2.431283726000002,3888.519250632142
3400,40,20,0.5,2.438151557000001,3908.293674759996
3410,40,20,0.5,2.4449967060000013,3880.272906016494
3420,40,20,0.5,2.4518114870000005,3920.4822151995695
3430,40,20,0.5,2.458652860000001,3920.4822151995695
3440,40,20,0.5,2.4657218600000004,3892.4614464560673
3450,40,20,0.5,2.4727320880000008,3898.866753288642
3460,40,20,0.5,2.480225055,3906.2550854683996
3470,40,20,0.5,2.487855457,3885.0206621683
3480,40,20,0.5,2.4946693910000004,3904.1347286291684
3490,40,20,0.5,2.501479273000001,3885.0206621683
3500,40,20,0.5,2.508425550000002,3891.342854451462
3510,40,20,0.5,2.5154922350000017,3896.361972493561
3520,40,20,0.5,2.5225300110000006,3921.1360593738127
3530,40,20,0.5,2.52935514,3892.3400474652435
3540,40,20,0.5,2.536269601999999,3885.0206621683
3550,40,20,0.5,2.543152857999999,3885.0206621683
3560,40,20,0.5,2.5498771579999993,3885.0206621683
3570,40,20,0.5,2.556548724999999,3892.4844820428607
3580,40,20,0.5,2.5633409799999978,3885.0206621683
3590,40,20,0.5,2.570437787999998,3843.404831758554
3600,40,20,0.5,2.5783462709999974,3812.299210677037
3610,40,20,0.5,2.5851549749999965,3784.984707927645
3620,40,20,0.5,2.5918351949999963,3812.299210677037
3630,40,20,0.5,2.5985686639999965,3846.5153583443375
3640,40,20,0.5,2.6055233889999965,3808.3570148531107
3650,40,20,0.5,2.612545616999995,3800.291405806968
3660,40,20,0.5,2.6194912309999943,3826.912307118916
3670,40,20,0.5,2.626220988999993,3780.3362461096085
3680,40,20,0.5,2.633196732999993,3795.43975086899
3690,40,20,0.5,2.6401787829999943,3804.8353908024765
3700,40,20,0.5,2.647117671999993,3849.825749249416
3710,40,20,0.5,2.6539645929999924,3866.7512802628735
3720,40,20,0.5,2.6607923199999917,3821.6412597186095
3730,40,20,0.5,2.6682520629999917,3816.0243510985783
3740,40,20,0.5,2.675056021999991,3780.3362461096085
3750,40,20,0.5,2.6820565259999913,3780.3362461096085
3760,40,20,0.5,2.68886294999999,3812.299210677037
3770,40,20,0.5,2.69574669899999,3853.7535836510533
3780,40,20,0.5,2.70254072599999,3819.6185959739796
3790,40,20,0.5,2.709344748999989,3820.545555292684
3800,40,20,0.5,2.7163379789999897,3802.7277057332903
3810,40,20,0.5,2.72327606799999,3816.721603564093
3820,40,20,0.5,2.73029651199999,3825.827574379364
3830,40,20,0.5,2.7372696179999902,3841.9072362167144
3840,40,20,0.5,2.744331441999991,3840.853019274079
3850,40,20,0.5,2.751727720999991,3835.457786309621
3860,40,20,0.5,2.7587686589999905,3831.7776789284712
3870,40,20,0.5,2.7657752529999904,3874.275541181804
3880,40,20,0.5,2.7727143089999906,3857.3272415474066
3890,40,20,0.5,2.7795882799999916,3875.8240065642144
3900,40,20,0.5,2.7863865069999925,3887.8476729517897
3910,40,20,0.5,2.7932684869999935,3852.789571374602
3920,40,20,0.5,2.8003817709999943,3880.634475107844
3930,40,20,0.5,2.807420628999994,3885.37981282653
3940,40,20,0.5,2.814318000999993,3897.871729922228
3950,40,20,0.5,2.821291447999993,3895.3573926752097
3960,40,20,0.5,2.828037266999994,3875.189109271706
3970,40,20,0.5,2.8348085669999943,3875.189109271706
3980,40,20,0.5,2.842096228999994,3894.830284203892
3990,40,20,0.5,2.849117276999994,3876.418918486819
4000,40,20,0.5,2.8559360079999934,3912.6921519281914
4010,40,20,0.5,2.8627677179999935,3912.6921519281914
4020,40,20,0.5,2.869702210999993,3879.564449467952
4030,40,20,0.5,2.876437416999993,3894.830284203892
4040,40,20,0.5,2.8833887029999925,3912.6921519281914
4050,40,20,0.5,2.890222143999992,3875.189109271706
4060,40,20,0.5,2.8971160449999918,3885.2278353869665
4070,40,20,0.5,2.904040501999992,3875.189109271706
4080,40,20,0.5,2.911095908999993,3905.3961187904692
4090,40,20,0.5,2.9180308099999923,3875.189109271706
4100,40,20,0.5,2.9254207149999925,3912.6921519281914
4110,40,20,0.5,2.9322967439999914,3903.2098780152082
4120,40,20,0.5,2.93896440999999,3879.8375710897426
4130,40,20,0.5,2.945871807999989,3885.37981282653
4140,40,20,0.5,2.9527764639999887,3882.6529291462666
4150,40,20,0.5,2.9598745819999888,3912.6921519281914
4160,40,20,0.5,2.966833345999989,3875.189109271706
4170,40,20,0.5,2.973863372999988,3875.189109271706
4180,40,20,0.5,2.980771116999989,3895.5705163813536
4190,40,20,0.5,2.987921370999988,3912.6921519281914
4200,40,20,0.5,2.9947303459999883,3881.5113015548677
4210,40,20,0.5,3.0018796619999897,3875.189109271706
4220,40,20,0.5,3.0087213719999895,3898.484244525268
4230,40,20,0.5,3.01636590399999,3875.189109271706
4240,40,20,0.5,3.023667279999989,3821.7402319679404
4250,40,20,0.5,3.0306367699999885,3875.189109271706
4260,40,20,0.5,3.0378466629999874,3884.0877536008275
4270,40,20,0.5,3.0448646809999875,3898.702673057229
4280,40,20,0.5,3.0519443979999874,3876.3516303705537
4290,40,20,0.5,3.0587096279999884,3887.029581907561
4300,40,20,0.5,3.0655574519999895,3877.954241561953
4310,40,20,0.5,3.07248386699999,3871.104749144659
4320,40,20,0.5,3.0793970969999904,3867.9155154466935
4330,40,20,0.5,3.0866482569999913,3847.74723204319
4340,40,20,0.5,3.093611243999991,3872.0041370128465
4350,40,20,0.5,3.10088352799999,3857.9379355980136
4360,40,20,0.5,3.10819326499999,3888.083798850197
4370,40,20,0.5,3.115151843999991,3900.636862212475
4380,40,20,0.5,3.1218823929999893,3887.9565412262655
4390,40,20,0.5,3.1287322889999896,3847.74723204319
4400,40,20,0.5,3.1358750819999894,3847.74723204319
4410,40,20,0.5,3.1429610189999906,3872.0041370128465
4420,40,20,0.5,3.1500932169999913,3872.0041370128465
4430,40,20,0.5,3.157237202999992,3872.0041370128465
4440,40,20,0.5,3.164469047999992,3881.219012643117
4450,40,20,0.5,3.1712480649999915,3892.3855441224932
4460,40,20,0.5,3.1780350669999926,3891.6453119450316
4470,40,20,0.5,3.1849319769999926,3872.0041370128465
4480,40,20,0.5,3.192387408999993,3900.0249057563487
4490,40,20,0.5,3.1992775169999934,3875.1652331544274
4500,40,20,0.5,3.206388561999992,3892.3855441224932
4510,40,20,0.5,3.2132504269999913,3872.0041370128465
4520,40,20,0.5,3.220137918999992,3872.0041370128465
4530,40,20,0.5,3.2269669599999915,3900.0249057563487
4540,40,20,0.5,3.2336317239999914,3872.0041370128465
4550,40,20,0.5,3.2404217829999915,3882.1948405676694
4560,40,20,0.5,3.2473172779999917,3900.0249057563487
4570,40,20,0.5,3.254174484999993,3900.0249057563487
4580,40,20,0.5,3.2609927059999926,3894.436710731602
4590,40,20,0.5,3.2676600459999925,3864.7932361351045
4600,40,20,0.5,3.2743444229999916,3864.1738286217515
4610,40,20,0.5,3.2815703539999923,3873.8685764807124
4620,40,20,0.5,3.2885060149999923,3900.0249057563487
4630,40,20,0.5,3.295229212999992,3854.2274015485273
4640,40,20,0.5,3.3021298459999926,3854.2274015485273
4650,40,20,0.5,3.308961085999993,3893.649286697561
4660,40,20,0.5,3.3155086059999928,3920.5870654762803
4670,40,20,0.5,3.3223140969999925,3894.436710731602
4680,40,20,0.5,3.3289251899999908,3859.435203180707
4690,40,20,0.5,3.3357959679999922,3885.950118983435
4700,40,20,0.5,3.342497777999993,3896.3810696707787
4710,40,20,0.5,3.3494462069999926,3893.3414656977957
4720,40,20,0.5,3.3563053009999937,3893.3414656977957
4730,40,20,0.5,3.3632457239999933,3886.190366115955
4740,40,20,0.5,3.371002347999994,3901.456200851896
4750,40,20,0.5,3.3776476999999936,3886.190366115955
4760,40,20,0.5,3.384573630999993,3896.3810696707787
4770,40,20,0.5,3.3916004129999937,3866.495926687321
4780,40,20,0.5,3.3985039559999937,3867.004523239836
4790,40,20,0.5,3.405310605999995,3862.3792423517584
4800,40,20,0.5,3.412025252999994,3876.982103088516
4810,40,20,0.5,3.4189039169999944,3876.982103088516
4820,40,20,0.5,3.425513369999994,3902.6113238928338
4830,40,20,0.5,3.432252697999994,3893.862032726507
4840,40,20,0.5,3.439156563999994,3878.8667936120546
4850,40,20,0.5,3.446061159999994,3897.023128868088
4860,40,20,0.5,3.453743043999994,3879.4964403355343
4870,40,20,0.5,3.4605430499999947,3871.1160188486947
4880,40,20,0.5,3.4674343439999937,3897.068168633753
4890,40,20,0.5,3.4742803239999933,3882.0954891189667
4900,40,20,0.5,3.4810930769999935,3856.8138196850123
4910,40,20,0.5,3.4878110179999933,3897.023128868088
4920,40,20,0.5,3.4945534589999934,3856.8138196850123
4930,40,20,0.5,3.5014288809999936,3856.8138196850123
4940,40,20,0.5,3.5081652319999943,3876.982103088516
4950,40,20,0.5,3.5148745049999945,3887.0208292037755
4960,40,20,0.5,3.5216117789999952,3867.004523239836
4970,40,20,0.5,3.528396136999996,3870.32407607648
4980,40,20,0.5,3.5356553659999967,3877.1547856020698
4990,40,20,0.5,3.542933967999998,3868.1551300102733
